{
  "version": 1,
  "author": "Leonardo Gonzalez",
  "editor": "wokwi",
  "parts": [
    { "type": "wokwi-esp32-devkit-v1", "id": "esp", "top": 0, "left": 0, "attrs": {} },
    {
      "type": "wokwi-dht22",
      "id": "dht1",
      "top": -47.57,
      "left": 145.19,
      "attrs": { "temperature": "25" }
    },
    { "type": "wokwi-dht22", "id": "dht2", "top": -71.35, "left": 241.13, "attrs": {} },
    { "type": "wokwi-dht22", "id": "dht3", "top": -138.15, "left": 349.74, "attrs": {} },
    {
      "type": "wokwi-lcd2004",
      "id": "lcd1",
      "top": 200.15,
      "left": 160.65,
      "attrs": { "pins": "i2c" }
    }
  ],
  "connections": [
    [ "esp:TX0", "$serialMonitor:RX", "", [] ],
    [ "esp:RX0", "$serialMonitor:TX", "", [] ],
    [ "dht1:VCC", "esp:3V3", "red", [ "v0" ] ],
    [ "dht1:SDA", "esp:D15", "green", [ "v0" ] ],
    [ "dht2:SDA", "esp:D18", "green", [ "v0" ] ],
    [ "dht2:VCC", "esp:3V3", "red", [ "v0" ] ],
    [ "dht2:GND", "esp:GND.1", "black", [ "v0" ] ],
    [ "dht1:GND", "esp:GND.1", "black", [ "v0" ] ],
    [ "dht3:SDA", "esp:D19", "green", [ "v0" ] ],
    [ "dht3:VCC", "esp:3V3", "red", [ "v0" ] ],
    [ "dht3:GND", "esp:GND.1", "black", [ "v0" ] ],
    [ "lcd1:GND", "esp:GND.1", "black", [ "h-7.82", "v-9.07" ] ],
    [ "lcd1:VCC", "esp:3V3", "red", [ "h-15.07", "v-12.53" ] ],
    [ "lcd1:SDA", "esp:D21", "green", [ "h-30.76", "v-187.42" ] ],
    [ "lcd1:SCL", "esp:D22", "green", [ "h-40.42", "v-224.68" ] ]
  ],
  "dependencies": {}
}